Aaron,Abbie
Abel,Abigail
Abraham,Ada
Abram,Adela
Adam,Adelaide
Adolph,Adele
Adrian,Adeline
Alan,Agatha
Alastair,Agnes
Albert,Aileen
Alex,Aimee
Alexander,Alana
Alexis,Alberta
Alf,Alexandra
Alfie,Alexia
Alfred,Alice
Algernon,Alicia
Alistair,Alison
Alister,Allyn
Allan,Alma
Allen,Amanda
Allyn,Amber
Alvin,Amelia
Ambrose,Amy
Andrew,Ana
Andy,Anastasia
Angus,Andrea
Anthony,Angela
Anton,Angelia
Antony,Angelica
Archibald,Angelina
Ariel,Anita
Arnold,Ann
Arthur,Anna
Ashley,Annabel
Ashton,Annabella
Aubrey,Annabelle
August,Anne
Augustus,Annie
Aylmer,Anthonia
Baldwin,Antonia
Barnaby,April
Barney,Arabella
Barry,Ariel
Bartholomew,Arlene
Basil,Ashley
Ben,Audrey
Benedict,Augusta
Benjamin,Aurelia
Bernard,Averil
Bert,Avril
Bertrand,Barbara
Bill,Beatrice
Billy,Beatrix
Bob,Becky
Bobby,Belinda
Brad,Bella
Bradford,Bertha
Bradley,Bethany
Brandon,Betty
Brendan,Beverley
Brendon,Beverly
Brent,Blythe
Brett,Bonnie
Brian,Brenda
Bruce,Brianna
Bruno,Bridget
Bryan,Britney
Byron,Brittany
Calvin,Calista
Cameron,Cameron
Carey,Camilla
Carl,Carey
Carol,Carla
Casey,Carlie
Cecil,Carol
Cedric,Carolina
Chad,Caroline
Charles,Carolyn
Charlie,Casey
Chester,Cassie
Chris,Catherine
Christian,Cecilia
Christopher,Cecily
Clarence,Celeste
Clark,Charlie
Cliff,Charlotte
Clifford,Chelsea
Clifton,Cherie
Clive,Cherry
Clyde,Cheryl
Cody,Chloe
Colin,Christiana
Conrad,Christina
Constant,Christine
Cornelius,Cindy
Cory,Claire
Craig,Clara
Curtis,Clarice
Cyril,Clarissa
Cyrus,Claudia
Dale,Clementine
Damian,Colleen
Damon,Connie
Dan,Constance
Daniel,Cordelia
Danny,Corinna
Darius,Corrie
Darrell,Courtney
Darren,Crystal
Darryl,Cyndy
Daryl,Cynthia
Dave,Dahlia
David,Daisy
Dean,Dana
Denis,Danielle
Dennis,Daphne
Derek,Darcey
Derick,Darcy
Derrick,Darla
Deryck,Darleen
Desmond,Darlene
Dexter,Deanna
Dick,Debbie
Dolph,Deborah
Dom,Debra
Dominic,Deirdre
Don,Delia
Donald,Denise
Douglas,Diana
Drew,Diane
Dudley,Dianne
Duke,Dolly
Duncan,Dolores
Dustin,Donna
Dwayne,Dora
Eamon,Doreen
Earl,Doris
Eddie,Dorothea
Eddy,Dorothy
Eden,Dulcie
Edgar,Earlene
Edmund,Eden
Edward,Edith
Edwin,Edythe
Egbert,Eileen
Eldred,Elaine
Elias,Eleanor
Elijah,Eleanora
Elliot,Elinor
Elliott,Elisabeth
Ellis,Eliza
Elmer,Elizabeth
Elton,Ella
Elvis,Ellen
Emery,Ellie
Emmanuel,Eloise
Enoch,Elsie
Eric,Emilia
Ernest,Emily
Ethan,Emma
Ethelbert,Emmeline
Eugene,Emmy
Evan,Enola
Ewen,Erica
Fabian,Erika
Felix,Erin
Ferdinand,Esmeralda
Francis,Estelle
Frank,Esther
Franklin,Ethel
Fred,Eugenie
Freddie,Eunice
Frederick,Euphemia
Gabriel,Eva
Gary,Evangeline
Gene,Eve
Geoff,Evelyn
Geoffrey,Evie
George,Fannie
Gerald,Felicia
Gerard,Fiona
Gerry,Flora
Gideon,Florence
Gil,Frances
Gilbert,Frederica
Giles,Gabriella
Glen,Gail
Glenn,Gemma
Godfrey,Genevieve
Godwin,Georgia
Gordon,Georgiana
Graham,Georgina
Grantley,Geraldine
Greg,Gerry
Gregory,Gertrude
Gus,Gillian
Guy,Ginger
Hadley,Gladys
Hamilton,Glenda
Harold,Gloria
Harrison,Gloriana
Harry,Grace
Harvey,Greta
Hayden,Gwyneth
Hector,Hanna
Henry,Hannah
Herbert,Harriet
Herman,Harriette
Hilary,Hazel
Horace,Heather
Horatio,Helen
Howard,Helena
Hubert,Heloise
Hugh,Henrietta
Hugo,Hermione
Humphrey,Hester
Ian,Hilary
Irvine,Hilda
Irving,Hillary
Isaac,Holly
Ivan,Irene
Jack,Iris
Jackie,Isabel
Jackson,Isadora
Jacob,Ivy
Jairus,Jackie
Jake,Jacqueline
James,Jade
Jamie,Jaime
Jared,Jamie
Jason,Jane
Jasper,Janet
Jeff,Janice
Jeffery,Janie
Jeffrey,Jasmin
Jeremiah,Jasmine
Jeremy,Jean
Jerome,Jeanette
Jerry,Jeannie
Jesse,Jenna
Jim,Jennie
Jimmie,Jennifer
Jimmy,Jenny
Jocelyn,Jessica
Joel,Jessie
John,Joan
Johnny,Joann
Jon,Joanna
Jonas,Joanne
Jonathan,Jocelyn
Jordan,Jodie
Joseph,Jody
Josh,Johanna
Joshua,Jordan
Josiah,Josephine
Jude,Joyce
Julian,Judith
Justin,Judy
Keith,Julia
Kenneth,Juliana
Kent,Julianne
Kevin,Julie
Kim,Juliet
Kyle,Juliette
Landon,June
Laurence,Justina
Lawrence,Justine
Lee,Karen
Leo,Karly
Leon,Kate
Leonard,Katherine
Leslie,Kathleen
Lester,Kathryn
Levi,Kathy
Lewis,Katie
Lex,Katrina
Liam,Kay
Lindsay,Kaylee
Lindsey,Kayleigh
Linus,Keeley
Lionel,Kelly
Lloyd,Kim
Lonnie,Kimberly
Louis,Kitty
Lucas,Kristin
Lucian,Kyla
Luke,Laila
Luther,Lana
Malcolm,Lara
Manuel,Laura
Marcus,Laurel
Mark,Lauren
Martin,Laurie
Marty,Layla
Marvin,Leah
Mathew,Leila
Matthew,Leonora
Maurice,Leslie
Max,Leyla
Maximilian,Libby
Maynard,Lila
Melvin,Lillian
Meredith,Lily
Michael,Linda
Mick,Lindsay
Mickey,Lindsey
Micky,Lisa
Mike,Lola
Miles,Loretta
Mitchell,Lorna
Montague,Lottie
Morgan,Louisa
Morris,Louise
Moses,Lucia
Myles,Lucille
Nate,Lucinda
Nathan,Lucy
Nathaniel,Lydia
Neil,Lyla
Nicholas,Lynette
Nick,Mabel
Nicolas,Madeleine
Nigel,Madeline
Noah,Madelyn
Noel,Maisie
Norman,Malvina
Oliver,Marcia
Oscar,Margaret
Oswald,Margery
Othniel,Margot
Owen,Maria
Pascal,Mariah
Pat,Marian
Patrick,Marianne
Paul,Marie
Perceval,Marilyn
Percival,Marion
Percy,Marjorie
Peter,Marlene
Phil,Martha
Philander,Martina
Philip,Mary
Phillip,Mathilda
Quentin,Matilda
Quincy,Maureen
Rafe,Mavis
Ralph,Maxine
Randall,May
Randolf,Melanie
Randolph,Melinda
Randy,Melissa
Raphael,Melody
Ray,Mercedes
Raymond,Mercy
Reginald,Meredith
Rex,Mia
Reynold,Michaela
Richard,Michele
Rick,Michelle
Ricky,Mildred
Rob,Mina
Robert,Minnie
Robin,Mirabel
Roderick,Mirabelle
Rodger,Miranda
Rodney,Miriam
Roger,Moira
Roland,Mollie
Roman,Molly
Ronald,Monica
Ronnie,Monique
Rowland,Morgan
Roy,Muriel
Rufus,Myra
Rupert,Nadia
Russel,Nadine
Russell,Nancy
Sam,Naomi
Sammy,Natalia
Samuel,Natalie
Sandy,Nell
Scott,Nellie
Sebastian,Nelly
Shaun,Nichola
Sidney,Nichole
Silas,Nicola
Silvester,Nicole
Simeon,Nina
Simon,Noelle
Solomon,Nora
Spencer,Noreen
Stanley,Norma
Stephen,Olive
Steve,Olivia
Steven,Ophelia
Stevie,Oriana
Stewart,Pamela
Stuart,Pansy
Sylvester,Pat
Ted,Patrice
Teddy,Patricia
Terence,Patsy
Terrence,Patty
Terry,Paula
Thaddeus,Paulina
Theodore,Pauline
Theodoric,Pearl
Thom,Penelope
Thomas,Philippa
Tim,Phoebe
Timothy,Phyllis
Tobias,Polly
Toby,Priscilla
Tom,Rachel
Tommy,Ramona
Tony,Rebecca
Tracy,Regina
Travis,Rita
Trevor,Roberta
Tristan,Robin
Ulysses,Romy
Valentine,Rosa
Victor,Rosanne
Vince,Rose
Vincent,Rosemary
Virgil,Rosie
Vivian,Ruby
Wallace,Ruth
Walt,Sabrina
Walter,Sadie
Warren,Sally
Wesley,Sam
Wilfred,Samantha
William,Sandra
Winston,Sandy
Zachariah,Sara
Zachary,Sarah
Zechariah,Savannah
,Scarlett
,Selina
,Selma
,Seraphina
,Serena
,Shannon
,Sharon
,Shauna
,Sheila
,Sherry
,Shirley
,Sibyl
,Sidney
,Sonia
,Sophia
,Sophie
,Stacy
,Stella
,Stephanie
,Susan
,Susanna
,Susie
,Sybil
,Sylvia
,Tabatha
,Tabitha
,Tamara
,Tammy
,Tara
,Terry
,Thelma
,Theodora
,Theresa
,Tiffany
,Tina
,Tracy
,Ursula
,Valerie
,Vanessa
,Vera
,Veronica
,Victoria
,Viola
,Violet
,Virginia
,Vivian
,Vivienne
,Wanda
,Wendy
,Wilhelmina
,Yolanda
,Yvette
,Yvonne
,Zara
,Zoe
